{
  "hash": "2d1b3125",
  "configHash": "022536cc",
  "lockfileHash": "ac5ad701",
  "browserHash": "896d8c4b",
  "optimized": {
    "@angular/common": {
      "src": "../../../../../../node_modules/@angular/common/fesm2022/common.mjs",
      "file": "@angular_common.js",
      "fileHash": "a70b632a",
      "needsInterop": false
    },
    "@angular/core": {
      "src": "../../../../../../node_modules/@angular/core/fesm2022/core.mjs",
      "file": "@angular_core.js",
      "fileHash": "b85c8a87",
      "needsInterop": false
    },
    "@angular/forms": {
      "src": "../../../../../../node_modules/@angular/forms/fesm2022/forms.mjs",
      "file": "@angular_forms.js",
      "fileHash": "9dfe10fd",
      "needsInterop": false
    },
    "@angular/platform-browser": {
      "src": "../../../../../../node_modules/@angular/platform-browser/fesm2022/platform-browser.mjs",
      "file": "@angular_platform-browser.js",
      "fileHash": "7296bc6a",
      "needsInterop": false
    },
    "@angular/router": {
      "src": "../../../../../../node_modules/@angular/router/fesm2022/router.mjs",
      "file": "@angular_router.js",
      "fileHash": "39b46b37",
      "needsInterop": false
    }
  },
  "chunks": {
    "chunk-ZFDWZHPA": {
      "file": "chunk-ZFDWZHPA.js"
    },
    "chunk-H7CEYIRM": {
      "file": "chunk-H7CEYIRM.js"
    },
    "chunk-N243NQOM": {
      "file": "chunk-N243NQOM.js"
    }
  }
}